Description,Alertlevel,Alertscore,Episodealertscore,Country,Fromdate,Todate,Severity (km2),Iso3,Gdacs id,Duration (days),Impact,Longitude,Latitude
"Green Drought in Germany, Denmark, France, Latvia, Poland, Sweden from: 21 Jul 2017  to: 09 Feb 2019 .",Green,1.0,0.25,"Germany, Denmark, France, Latvia, Poland, Sweden",2017-07-21,2019-02-09 15:07:00,80936.0,DEU,DR 1012168,569.0,Minor impact for agricultural drought in 80936 km2,11.087,53.882
Green Drought in Uzbekistan from: 21 Nov 2017  to: 06 Sep 2018 .,Green,1.0,0.75,Uzbekistan,2017-11-21,2018-09-06 09:57:00,18686.0,UZB,DR 1012172,289.0,Minor impact for agricultural drought in 18686 km2,65.5,40.996
Green Drought in Brazil from: 21 Dec 2017  to: 06 Sep 2018 .,Green,1.0,0.5,Brazil,2017-12-21,2018-09-06 09:57:00,87604.0,BRA,DR 1012174,259.0,Minor impact for agricultural drought in 87604 km2,-50.105,-21.917
Orange Drought in Australia from: 21 Feb 2018  to: 24 Nov 2018 .,Orange,2.0,1.0,Australia,2018-02-21,2018-11-24 16:27:00,142608.0,AUS,DR 1012191,277.0,Medium impact for agricultural drought in 142608 km2,144.5,-33.5
Orange Drought in Madagascar from: 21 Mar 2018  to: 13 Sep 2018 .,Orange,2.0,1.5,Madagascar,2018-03-21,2018-09-13 13:57:00,68692.0,MDG,DR 1012304,177.0,Medium impact for agricultural drought in 68692 km2,46.464,-19.498
"Green Drought in Albania, Austria, Bosnia  and  Herzegovina, Bulgaria, Belarus, Greece, Croatia, Hungary, Kazakhstan, Moldova, Montenegro, Macedonia, Romania, Serbia, Russia, Slovenia, Slovakia, Türkiye, Ukraine from: 21 Apr 2018  to: 24 Nov 2018 .",Green,1.0,0.5,"Albania, Austria, Bosnia & Herzegovina, Bulgaria, Belarus, Greece, Croatia, Hungary, Kazakhstan, Moldova, Montenegro, Macedonia, Romania, Serbia, Russia, Slovenia, Slovakia, Türkiye, Ukraine",2018-04-21,2018-11-24 16:27:00,1677855.0,ALB,DR 1012247,218.0,Minor impact for agricultural drought in 1677855 km2,35.0,48.0005
Green Drought in South Africa from: 21 Apr 2018  to: 10 Oct 2018 .,Green,1.0,0.75,South Africa,2018-04-21,2018-10-10 08:17:00,52380.0,ZAF,DR 1012219,172.0,Minor impact for agricultural drought in 52380 km2,22.697,-33.111
Green Drought in Indonesia from: 21 Apr 2018  to: 29 Aug 2018 .,Green,1.0,0.75,Indonesia,2018-04-21,2018-08-29 15:17:00,78469.0,IDN,DR 1012212,131.0,Minor impact for agricultural drought in 78469 km2,113.779,-7.899
Green Drought in Brazil from: 21 May 2018  to: 30 Dec 2018 .,Green,1.0,0.75,Brazil,2018-05-21,2018-12-30 14:05:00,104035.0,BRA,DR 1012396,224.0,Minor impact for agricultural drought in 104035 km2,-38.05,-9.451
Green Drought in United States from: 21 May 2018  to: 28 Oct 2018 .,Green,1.0,0.5,United States,2018-05-21,2018-10-28 15:37:00,229250.0,USA,DR 1012604,161.0,Minor impact for agricultural drought in 229250 km2,-108.489,39.448
"Green Drought in The Gambia, Guinea, Guinea-Bissau, Senegal from: 21 May 2018  to: 10 Oct 2018 .",Green,1.0,0.75,"The Gambia, Guinea, Guinea-Bissau, Senegal",2018-05-21,2018-10-10 08:17:00,59944.0,GMB,DR 1012255,142.0,Minor impact for agricultural drought in 59944 km2,-14.494,12.496
Green Drought in Brazil from: 11 May 2018  to: 10 Oct 2018 .,Green,1.0,0.25,Brazil,2018-05-11,2018-10-10 08:17:00,220613.0,BRA,DR 1012244,152.0,Minor impact for agricultural drought in 220613 km2,-49.498,-5.222
Green Drought in United States from: 21 May 2018  to: 20 Aug 2018 .,Green,1.0,0.5,United States,2018-05-21,2018-08-20 10:37:15,41910.0,USA,DR 1012333,91.0,Minor impact for agricultural drought in 41910 km2,-97.0,31.998
"Orange Drought in China, India, Myanmar, Nepal from: 21 Jun 2018  to: 16 Feb 2019 .",Orange,2.0,1.5,"China, India, Myanmar, Nepal",2018-06-21,2019-02-16 15:47:00,106336.0,CHN,DR 1012538,241.0,Medium impact for agricultural drought in 106336 km2,80.962,18.303
"Green Drought in Bangladesh, India, Myanmar, Nepal from: 21 Jun 2018  to: 16 Nov 2018 .",Green,1.0,0.75,"Bangladesh, India, Myanmar, Nepal",2018-06-21,2018-11-16 15:57:00,485175.0,BGD,DR 1012429,149.0,Minor impact for agricultural drought in 485175 km2,86.74,24.199
Green Drought in Russia from: 21 Jun 2018  to: 10 Oct 2018 .,Green,1.0,0.25,Russia,2018-06-21,2018-10-10 08:17:00,150479.0,RUS,DR 1012428,111.0,Minor impact for agricultural drought in 150479 km2,95.317,56.584
"Green Drought in Congo, DRC from: 21 Jun 2018  to: 10 Oct 2018 .",Green,1.0,0.5,"Congo, DRC",2018-06-21,2018-10-10 08:17:00,86129.0,COD,DR 1012345,111.0,Minor impact for agricultural drought in 86129 km2,25.928,0.928
Green Drought in Philippines from: 21 Jul 2018  to: 26 Jan 2019 .,Green,1.0,0.25,Philippines,2018-07-21,2019-01-26 17:07:00,44740.0,PHL,DR 1012676,190.0,Minor impact for agricultural drought in 44740 km2,121.417,17.326
"Orange Drought in India, Pakistan from: 21 Jul 2018  to: 30 Dec 2018 .",Orange,2.0,1.75,"India, Pakistan",2018-07-21,2018-12-30 14:05:00,113171.0,IND,DR 1012498,163.0,Medium impact for agricultural drought in 113171 km2,68.889,25.391
Green Drought in Madagascar from: 21 Jul 2018  to: 24 Nov 2018 .,Green,1.0,0.75,Madagascar,2018-07-21,2018-11-24 16:27:00,51870.0,MDG,DR 1012433,127.0,Minor impact for agricultural drought in 51870 km2,45.0,-17.5
Green Drought in China from: 21 Jul 2018  to: 24 Nov 2018 .,Green,1.0,0.5,China,2018-07-21,2018-11-24 16:27:00,133152.0,CHN,DR 1012452,127.0,Minor impact for agricultural drought in 133152 km2,111.0,34.0
Green Drought in Mexico from: 21 Jul 2018  to: 12 Oct 2018 .,Green,1.0,0.75,Mexico,2018-07-21,2018-10-12 12:27:00,57097.0,MEX,DR 1012447,84.0,Minor impact for agricultural drought in 57097 km2,-98.559,22.285
"Green Drought in Cameroon, Equatorial Guinea from: 21 Jul 2018  to: 10 Oct 2018 .",Green,1.0,0.25,"Cameroon, Equatorial Guinea",2018-07-21,2018-10-10 08:17:00,38879.0,CMR,DR 1012448,81.0,Minor impact for agricultural drought in 38879 km2,11.101,3.76
"Orange Drought in Guatemala, Mexico from: 21 Jul 2018  to: 06 Sep 2018 .",Orange,2.0,1.5,"Guatemala, Mexico",2018-07-21,2018-09-06 09:57:00,35561.0,GTM,DR 1012471,47.0,Medium impact for agricultural drought in 35561 km2,-91.497,15.834
"Orange Drought in Belize, Guatemala, Mexico from: 21 Jul 2018  to: 29 Aug 2018 .",Orange,2.0,1.5,"Belize, Guatemala, Mexico",2018-07-21,2018-08-29 15:17:00,113927.0,BLZ,DR 1012475,40.0,Medium impact for agricultural drought in 113927 km2,-90.0,17.999
"Orange Drought in Cambodia, Laos, Thailand, Vietnam from: 21 Aug 2018  to: 26 Jan 2019 .",Orange,2.0,1.25,"Cambodia, Laos, Thailand, Vietnam",2018-08-21,2019-01-26 17:07:00,178155.0,KHM,DR 1012578,159.0,Medium impact for agricultural drought in 178155 km2,104.192,16.099
"Green Drought in Central African Republic, Chad from: 21 Aug 2018  to: 30 Dec 2018 .",Green,1.0,0.75,"Central African Republic, Chad",2018-08-21,2018-12-30 14:05:00,97497.0,CAF,DR 1012660,132.0,Minor impact for agricultural drought in 97497 km2,17.623,8.123
"Green Drought in Belize, Guatemala, Honduras, Mexico from: 21 Aug 2018  to: 30 Dec 2018 .",Green,1.0,0.5,"Belize, Guatemala, Honduras, Mexico",2018-08-21,2018-12-30 14:05:00,65060.0,BLZ,DR 1012677,132.0,Minor impact for agricultural drought in 65060 km2,-88.906,16.489
Green Drought in Ecuador from: 21 Aug 2018  to: 24 Nov 2018 .,Green,1.0,0.5,Ecuador,2018-08-21,2018-11-24 16:27:00,54569.0,ECU,DR 1012534,96.0,Minor impact for agricultural drought in 54569 km2,-79.4315,-0.5
"Green Drought in Kyrgyzstan, Kazakhstan, Tajikistan, Uzbekistan from: 21 Aug 2018  to: 19 Oct 2018 .",Green,1.0,0.5,"Kyrgyzstan, Kazakhstan, Tajikistan, Uzbekistan",2018-08-21,2018-10-19 12:27:00,47602.0,KGZ,DR 1012568,60.0,Minor impact for agricultural drought in 47602 km2,69.092,39.682
Green Drought in Chile from: 21 Aug 2018  to: 12 Oct 2018 .,Green,1.0,0.25,Chile,2018-08-21,2018-10-12 12:27:00,28903.0,CHL,DR 1012571,53.0,Minor impact for agricultural drought in 28903 km2,-72.571,-37.004
"Orange Drought in Afghanistan, Pakistan, Tajikistan from: 21 Aug 2018  to: 12 Oct 2018 .",Orange,2.0,1.5,"Afghanistan, Pakistan, Tajikistan",2018-08-21,2018-10-12 12:27:00,39891.0,AFG,DR 1012536,53.0,Medium impact for agricultural drought in 39891 km2,72.755,36.251
"Red Drought in Afghanistan, Iran, Pakistan, Tajikistan from: 21 Aug 2018  to: 10 Oct 2018 .",Red,3.0,2.25,"Afghanistan, Iran, Pakistan, Tajikistan",2018-08-21,2018-10-10 08:17:00,113210.0,AFG,DR 1012558,50.0,Severe impact for agricultural drought in 113210 km2,63.5,34.5
"Orange Drought in Belize, Guatemala, Honduras, Mexico, Nicaragua from: 21 Sep 2018  to: 03 Mar 2020 .",Orange,2.0,1.5,"Belize, Guatemala, Honduras, Mexico, Nicaragua",2018-09-21,2020-03-03 14:37:00,113247.0,BLZ,DR 1012649,508.0,Medium impact for agricultural drought in 113247 km2,-87.068,15.357
"Green Drought in Croatia, Hungary, Romania, Serbia from: 21 Sep 2018  to: 08 May 2019 .",Green,1.0,0.25,"Croatia, Hungary, Romania, Serbia",2018-09-21,2019-05-08 13:57:00,59261.0,HRV,DR 1012618,212.0,Minor impact for agricultural drought in 59261 km2,19.629,46.93
"Green Drought in Azerbaijan, Russia from: 21 Sep 2018  to: 24 Nov 2018 .",Green,1.0,0.5,"Azerbaijan, Russia",2018-09-21,2018-11-24 16:27:00,78481.0,AZE,DR 1012665,65.0,Minor impact for agricultural drought in 78481 km2,46.8135,43.0
"Orange Drought in Guatemala, Mexico from: 11 Sep 2018  to: 10 Nov 2018 .",Orange,2.0,1.5,"Guatemala, Mexico",2018-09-11,2018-11-10 08:57:00,58878.0,GTM,DR 1012597,60.0,Medium impact for agricultural drought in 58878 km2,-92.169,17.253
"Green Drought in Argentina, Chile from: 21 Sep 2018  to: 28 Oct 2018 .",Green,1.0,0.25,"Argentina, Chile",2018-09-21,2018-10-28 15:37:00,31265.0,ARG,DR 1012613,38.0,Minor impact for agricultural drought in 31265 km2,-68.5,-32.503
"Red Drought in Angola, Botswana, Mozambique, Namibia, Zambia, Zimbabwe from: 21 Oct 2018  to: 24 Mar 2020 .",Red,3.0,2.0,"Angola, Botswana, Mozambique, Namibia, Zambia, Zimbabwe",2018-10-21,2020-03-24 16:37:00,150282.0,AGO,DR 1012728,497.0,Severe impact for agricultural drought in 150282 km2,26.836,-19.807
Green Drought in Philippines from: 21 Oct 2018  to: 06 Jan 2020 .,Green,1.0,0.75,Philippines,2018-10-21,2020-01-06 14:47:00,53992.0,PHL,DR 1012686,426.0,Minor impact for agricultural drought in 53992 km2,124.672,8.612
Orange Drought in Philippines from: 21 Oct 2018  to: 23 Jul 2019 .,Orange,2.0,1.25,Philippines,2018-10-21,2019-07-23 08:27:00,31951.0,PHL,DR 1013042,263.0,Medium impact for agricultural drought in 31951 km2,123.23,10.023
"Green Drought in Cambodia, Laos, Thailand, Vietnam from: 21 Oct 2018  to: 30 Dec 2018 .",Green,1.0,0.75,"Cambodia, Laos, Thailand, Vietnam",2018-10-21,2018-12-30 14:05:00,95172.0,KHM,DR 1012698,71.0,Minor impact for agricultural drought in 95172 km2,106.699,13.9
"Orange Drought in Congo, DRC, Central African Republic, Kenya, South Sudan, Uganda from: 21 Oct 2018  to: 30 Dec 2018 .",Orange,2.0,1.5,"Congo, DRC, Central African Republic, Kenya, South Sudan, Uganda",2018-10-21,2018-12-30 14:05:00,331753.0,COD,DR 1012703,71.0,Medium impact for agricultural drought in 331753 km2,30.911,3.637
"Green Drought in Cambodia, Laos, Myanmar, Thailand, Vietnam from: 21 Nov 2018  to: 20 Oct 2020 .",Green,1.0,0.75,"Cambodia, Laos, Myanmar, Thailand, Vietnam",2018-11-21,2020-10-20 00:00:00,206060.0,KHM,DR 1012806,690.0,Minor impact for agricultural drought in 206060 km2,103.562,16.104
"Orange Drought in Dominican Republic, Haiti from: 21 Nov 2018  to: 05 Apr 2019 .",Orange,2.0,1.75,"Dominican Republic, Haiti",2018-11-21,2019-04-05 09:27:00,48483.0,DOM,DR 1012765,120.0,Medium impact for agricultural drought in 48483 km2,-70.697,19.114
"Green Drought in Trinidad  and  Tobago, Venezuela from: 21 Nov 2018  to: 08 Mar 2019 .",Green,1.0,0.75,"Trinidad & Tobago, Venezuela",2018-11-21,2019-03-08 16:17:00,53346.0,TTO,DR 1012837,82.0,Minor impact for agricultural drought in 53346 km2,-62.783,9.552
"Orange Drought in Afghanistan, Iran, Pakistan from: 21 Nov 2018  to: 16 Feb 2019 .",Orange,2.0,1.75,"Afghanistan, Iran, Pakistan",2018-11-21,2019-02-16 15:47:00,116622.0,AFG,DR 1012810,88.0,Medium impact for agricultural drought in 116622 km2,62.876,30.864
Orange Drought in Peru from: 21 Nov 2018  to: 16 Feb 2019 .,Orange,2.0,1.0,Peru,2018-11-21,2019-02-16 15:47:00,71910.0,PER,DR 1012802,88.0,Medium impact for agricultural drought in 71910 km2,-73.668,-13.333
Green Drought in Brazil from: 21 Nov 2018  to: 20 Jan 2019 .,Green,1.0,0.5,Brazil,2018-11-21,2019-01-20 13:47:00,85043.0,BRA,DR 1012756,61.0,Minor impact for agricultural drought in 85043 km2,-62.927,-9.358
"Orange Drought in Bolivia, Brazil from: 21 Dec 2018  to: 10 Aug 2020 .",Orange,2.0,1.25,"Bolivia, Brazil",2018-12-21,2020-08-10 15:27:00,133215.0,BOL,DR 1012926,589.0,Medium impact for agricultural drought in 133215 km2,-61.314,-10.415
"Red Drought in India, Sri Lanka from: 21 Dec 2018  to: 26 Aug 2019 .",Red,3.0,2.0,"India, Sri Lanka",2018-12-21,2019-08-26 13:37:00,85408.0,IND,DR 1012873,233.0,Severe impact for agricultural drought in 85408 km2,79.198,8.828
"Green Drought in Canada, United States from: 21 Dec 2018  to: 23 Jun 2019 .",Green,1.0,0.25,"Canada, United States",2018-12-21,2019-06-23 12:17:00,110963.0,CAN,DR 1013263,182.0,Minor impact for agricultural drought in 110963 km2,-110.508,50.689
Green Drought in Australia from: 21 Dec 2018  to: 24 May 2019 .,Green,1.0,0.75,Australia,2018-12-21,2019-05-24 14:07:00,107466.0,AUS,DR 1012840,141.0,Minor impact for agricultural drought in 107466 km2,150.523,-29.052
"Green Drought in Kazakhstan, Russia from: 21 Dec 2018  to: 05 Apr 2019 .",Green,1.0,0.5,"Kazakhstan, Russia",2018-12-21,2019-04-05 09:27:00,338718.0,KAZ,DR 1012928,90.0,Minor impact for agricultural drought in 338718 km2,86.573,54.451
Green Drought in Brazil from: 21 Dec 2018  to: 05 Apr 2019 .,Green,1.0,0.5,Brazil,2018-12-21,2019-04-05 09:27:00,396293.0,BRA,DR 1012844,90.0,Minor impact for agricultural drought in 396293 km2,-49.544,-16.301
"Green Drought in Colombia, Venezuela from: 21 Dec 2018  to: 08 Mar 2019 .",Green,1.0,0.5,"Colombia, Venezuela",2018-12-21,2019-03-08 16:17:00,220945.0,COL,DR 1012826,52.0,Minor impact for agricultural drought in 220945 km2,-72.507,3.886
Green Drought in United States from: 21 Dec 2018  to: 08 Mar 2019 .,Green,1.0,0.25,United States,2018-12-21,2019-03-08 16:17:00,28645.0,USA,DR 1012848,52.0,Minor impact for agricultural drought in 28645 km2,-115.519,39.493
Green Drought in Japan from: 21 Jan 2019  to: 26 Jun 2019 .,Green,1.0,0.25,Japan,2019-01-21,2019-06-26 00:00:00,50599.0,JPN,DR 1012920,141.0,Minor impact for agricultural drought in 50599 km2,141.791,42.39
"Green Drought in Algeria, Spain, Morocco from: 21 Jan 2019  to: 26 Apr 2019 .",Green,1.0,0.5,"Algeria, Spain, Morocco",2019-01-21,2019-04-26 15:37:00,79873.0,DZA,DR 1012932,80.0,Minor impact for agricultural drought in 79873 km2,-2.946,34.642
"Green Drought in Belgium, Switzerland, Czech Republic, Germany, France, Luxembourg, Netherlands, Poland from: 11 Feb 2019  to: 24 Oct 2019 .",Green,1.0,0.5,"Belgium, Switzerland, Czech Republic, Germany, France, Luxembourg, Netherlands, Poland",2019-02-11,2019-10-24 13:47:00,350219.0,BEL,DR 1013283,242.0,Minor impact for agricultural drought in 350219 km2,4.531,48.485
Green Drought in Russia from: 21 Feb 2019  to: 10 Sep 2019 .,Green,1.0,0.5,Russia,2019-02-21,2019-09-10 14:07:00,97210.0,RUS,DR 1012974,192.0,Minor impact for agricultural drought in 97210 km2,107.32,58.548
Green Drought in Canada from: 21 Feb 2019  to: 26 Aug 2019 .,Green,1.0,0.25,Canada,2019-02-21,2019-08-26 13:37:00,38961.0,CAN,DR 1013252,171.0,Minor impact for agricultural drought in 38961 km2,-98.295,51.097
"Green Drought in Belarus, Estonia, Lithuania, Latvia, Poland, Russia, Ukraine from: 21 Feb 2019  to: 01 Aug 2019 .",Green,1.0,0.75,"Belarus, Estonia, Lithuania, Latvia, Poland, Russia, Ukraine",2019-02-21,2019-08-01 10:47:00,103606.0,BLR,DR 1013150,150.0,Minor impact for agricultural drought in 103606 km2,26.279,54.721
Red Drought in Kenya from: 21 Feb 2019  to: 16 Jul 2019 .,Red,3.0,2.0,Kenya,2019-02-21,2019-07-16 15:27:00,49202.0,KEN,DR 1013021,130.0,Severe impact for agricultural drought in 49202 km2,37.752,1.249
Red Drought in India from: 21 Feb 2019  to: 02 Jul 2019 .,Red,3.0,2.0,India,2019-02-21,2019-07-02 09:17:00,139078.0,IND,DR 1013088,120.0,Severe impact for agricultural drought in 139078 km2,76.244,19.833
Green Drought in Argentina from: 21 Feb 2019  to: 26 Jun 2019 .,Green,1.0,0.25,Argentina,2019-02-21,2019-06-26 00:00:00,200057.0,ARG,DR 1012950,110.0,Minor impact for agricultural drought in 200057 km2,-62.265,-37.366
Green Drought in Chile from: 21 Feb 2019  to: 23 Jun 2019 .,Green,1.0,0.0,Chile,2019-02-21,2019-06-23 12:17:00,33894.0,CHL,DR 1013071,120.0,Minor impact for agricultural drought in 33894 km2,-72.854,-39.87
Green Drought in Morocco from: 21 Feb 2019  to: 16 Jun 2019 .,Green,1.0,0.5,Morocco,2019-02-21,2019-06-16 11:27:00,9271.0,MAR,DR 1012988,100.0,Minor impact for agricultural drought in 9271 km2,-7.654,33.308
"Green Drought in Argentina, Chile from: 21 Feb 2019  to: 16 Jun 2019 .",Green,1.0,0.75,"Argentina, Chile",2019-02-21,2019-06-16 11:27:00,28023.0,ARG,DR 1012959,100.0,Minor impact for agricultural drought in 28023 km2,-70.723,-33.134
Green Drought in France from: 11 Feb 2019  to: 08 May 2019 .,Green,1.0,0.25,France,2019-02-11,2019-05-08 13:57:00,33975.0,FRA,DR 1013024,69.0,Minor impact for agricultural drought in 33975 km2,2.5,46.748
"Green Drought in Spain, Portugal from: 21 Feb 2019  to: 26 Apr 2019 .",Green,1.0,0.5,"Spain, Portugal",2019-02-21,2019-04-26 15:37:00,116015.0,ESP,DR 1012951,49.0,Minor impact for agricultural drought in 116015 km2,-4.126,39.116
"Red Drought in Botswana, Mozambique, South Africa, Zimbabwe from: 21 Mar 2019  to: 01 Aug 2019 .",Red,3.0,2.25,"Botswana, Mozambique, South Africa, Zimbabwe",2019-03-21,2019-08-01 10:47:00,102368.0,BWA,DR 1013327,122.0,Severe impact for agricultural drought in 102368 km2,31.814,-22.721
"Green Drought in Mexico, United States from: 21 Apr 2019  to: 08 Sep 2019 .",Green,1.0,0.5,"Mexico, United States",2019-04-21,2019-09-08 10:47:00,172474.0,MEX,DR 1013352,122.0,Minor impact for agricultural drought in 172474 km2,-104.815,24.399
Green Drought in Mexico from: 21 Apr 2019  to: 26 Aug 2019 .,Green,1.0,0.75,Mexico,2019-04-21,2019-08-26 13:37:00,77780.0,MEX,DR 1013191,112.0,Minor impact for agricultural drought in 77780 km2,-97.485,20.621
Orange Drought in Indonesia from: 21 Apr 2019  to: 02 Jul 2019 .,Orange,2.0,1.25,Indonesia,2019-04-21,2019-07-02 09:17:00,10295.0,IDN,DR 1013210,61.0,Medium impact for agricultural drought in 10295 km2,120.443,-1.561
Orange Drought in China from: 21 May 2019  to: 26 Dec 2019 .,Orange,2.0,1.0,China,2019-05-21,2019-12-26 11:17:00,520578.0,CHN,DR 1013258,204.0,Medium impact for agricultural drought in 520578 km2,116.729,30.035
"Green Drought in Argentina, Brazil, Paraguay from: 21 May 2019  to: 06 Nov 2019 .",Green,1.0,0.5,"Argentina, Brazil, Paraguay",2019-05-21,2019-11-06 16:17:00,561314.0,ARG,DR 1013245,153.0,Minor impact for agricultural drought in 561314 km2,-53.378,-23.234
Green Drought in Russia from: 21 May 2019  to: 22 Oct 2019 .,Green,1.0,0.25,Russia,2019-05-21,2019-10-22 08:27:00,60528.0,RUS,DR 1013449,133.0,Minor impact for agricultural drought in 60528 km2,134.601,68.007
Green Drought in China from: 21 May 2019  to: 03 Oct 2019 .,Green,1.0,0.25,China,2019-05-21,2019-10-03 13:57:00,158199.0,CHN,DR 1013218,123.0,Minor impact for agricultural drought in 158199 km2,113.511,31.378
"Green Drought in Dominican Republic, Haiti from: 21 May 2019  to: 25 Sep 2019 .",Green,1.0,0.75,"Dominican Republic, Haiti",2019-05-21,2019-09-25 16:17:00,36137.0,DOM,DR 1013238,113.0,Minor impact for agricultural drought in 36137 km2,-70.522,19.092
"Orange Drought in Botswana, Lesotho, Mozambique, Swaziland, South Africa from: 21 May 2019  to: 08 Sep 2019 .",Orange,2.0,1.75,"Botswana, Lesotho, Mozambique, Swaziland, South Africa",2019-05-21,2019-09-08 10:47:00,276650.0,BWA,DR 1013394,92.0,Medium impact for agricultural drought in 276650 km2,29.973,-26.127
"Green Drought in Kazakhstan, Russia from: 21 May 2019  to: 08 Sep 2019 .",Green,1.0,0.5,"Kazakhstan, Russia",2019-05-21,2019-09-08 10:47:00,39127.0,KAZ,DR 1013220,92.0,Minor impact for agricultural drought in 39127 km2,59.305,50.897
"Green Drought in China, North Korea, South Korea from: 21 May 2019  to: 08 Sep 2019 .",Green,1.0,0.75,"China, North Korea, South Korea",2019-05-21,2019-09-08 10:47:00,107809.0,CHN,DR 1013224,92.0,Minor impact for agricultural drought in 107809 km2,116.871,35.626
"Green Drought in Bhutan, China, India, Nepal from: 21 May 2019  to: 23 Jul 2019 .",Green,1.0,0.75,"Bhutan, China, India, Nepal",2019-05-21,2019-07-23 08:27:00,214708.0,BTN,DR 1013230,51.0,Minor impact for agricultural drought in 214708 km2,90.244,29.602
Orange Drought in Argentina from: 21 Jun 2019  to: 30 Dec 2020 .,Orange,2.0,1.25,Argentina,2019-06-21,2020-12-30 00:00:00,84846.0,ARG,DR 1013282,549.0,Medium impact for agricultural drought in 84846 km2,-63.669,-30.702
"Green Drought in Bulgaria, Moldova, Romania, Türkiye, Ukraine from: 21 Jun 2019  to: 06 Apr 2020 .",Green,1.0,0.5,"Bulgaria, Moldova, Romania, Türkiye, Ukraine",2019-06-21,2020-04-06 13:17:00,26350.0,BGR,DR 1013280,264.0,Minor impact for agricultural drought in 26350 km2,27.454,44.787
Orange Drought in Australia from: 21 Jun 2019  to: 03 Mar 2020 .,Orange,2.0,1.25,Australia,2019-06-21,2020-03-03 14:37:00,520141.0,AUS,DR 1013281,235.0,Medium impact for agricultural drought in 520141 km2,149.759,-29.708
"Orange Drought in Indonesia, Malaysia from: 21 Jun 2019  to: 01 Dec 2019 .",Orange,2.0,1.0,"Indonesia, Malaysia",2019-06-21,2019-12-01 13:51:00,226191.0,IDN,DR 1013395,153.0,Medium impact for agricultural drought in 226191 km2,103.94,-2.956
"Orange Drought in Mauritania, Senegal from: 21 Jun 2019  to: 25 Sep 2019 .",Orange,2.0,1.5,"Mauritania, Senegal",2019-06-21,2019-09-25 16:17:00,58758.0,MRT,DR 1013221,82.0,Medium impact for agricultural drought in 58758 km2,-14.102,17.495
"Green Drought in Bhutan, China, India, Myanmar from: 21 Aug 2019  to: 20 Nov 2019 .",Green,1.0,0.5,"Bhutan, China, India, Myanmar",2019-08-21,2019-11-20 11:17:00,109194.0,BTN,DR 1013634,82.0,Minor impact for agricultural drought in 109194 km2,95.608,27.81
Green Drought in Australia from: 21 Sep 2019  to: 03 Mar 2020 .,Green,1.0,0.5,Australia,2019-09-21,2020-03-03 14:37:00,112811.0,AUS,DR 1013588,143.0,Minor impact for agricultural drought in 112811 km2,118.002,-32.238
"Green Drought in Colombia, Venezuela from: 21 Oct 2019  to: 15 Jul 2020 .",Green,1.0,0.75,"Colombia, Venezuela",2019-10-21,2020-07-15 13:57:00,469453.0,COL,DR 1013704,254.0,Minor impact for agricultural drought in 469453 km2,-71.129,8.801
"Green Drought in Russia, Ukraine from: 21 Oct 2019  to: 12 Jun 2020 .",Green,1.0,0.5,"Russia, Ukraine",2019-10-21,2020-06-12 17:47:00,67340.0,RUS,DR 1013691,224.0,Minor impact for agricultural drought in 67340 km2,40.551,45.744
"Green Drought in Bulgaria, Iraq, Iran, Türkiye from: 21 Oct 2019  to: 26 Dec 2019 .",Green,1.0,0.5,"Bulgaria, Iraq, Iran, Türkiye",2019-10-21,2019-12-26 11:17:00,349846.0,BGR,DR 1013682,51.0,Minor impact for agricultural drought in 349846 km2,31.926,39.544
Green Drought in New Zealand from: 21 Nov 2019  to: 02 Jun 2020 .,Green,1.0,0.5,New Zealand,2019-11-21,2020-06-02 16:37:00,83032.0,NZL,DR 1013857,172.0,Minor impact for agricultural drought in 83032 km2,175.629,-38.398
Green Drought in Morocco from: 21 Dec 2019  to: 11 May 2020 .,Green,1.0,0.5,Morocco,2019-12-21,2020-05-11 14:47:00,97241.0,MAR,DR 1013818,132.0,Minor impact for agricultural drought in 97241 km2,-8.371,31.227
Green Drought in Italy from: 21 Jan 2020  to: 23 Apr 2020 .,Green,1.0,0.25,Italy,2020-01-21,2020-04-23 10:47:00,23443.0,ITA,DR 1013889,81.0,Minor impact for agricultural drought in 23443 km2,16.854,40.133
"Green Drought in Canada, United States from: 21 Feb 2020  to: 09 Feb 2022 .",Green,1.0,0.25,"Canada, United States",2020-02-21,2022-02-09 00:00:00,16594.0,CAN,DR 1014320,690.0,Minor impact for agricultural drought in 16594 km2,-111.5,47.995
"Orange Drought in Dominican Republic, Haiti from: 21 Feb 2020  to: 15 Jul 2020 .",Orange,2.0,1.5,"Dominican Republic, Haiti",2020-02-21,2020-07-15 13:57:00,41438.0,DOM,DR 1014018,131.0,Medium impact for agricultural drought in 41438 km2,-70.774,19.034
Orange Drought in Madagascar from: 21 Feb 2020  to: 22 Jun 2020 .,Orange,2.0,1.5,Madagascar,2020-02-21,2020-06-22 10:57:00,142895.0,MDG,DR 1013930,111.0,Medium impact for agricultural drought in 142895 km2,44.993,-19.913
Green Drought in Peru from: 21 Feb 2020  to: 02 Jun 2020 .,Green,1.0,0.5,Peru,2020-02-21,2020-06-02 16:37:00,76315.0,PER,DR 1013922,80.0,Minor impact for agricultural drought in 76315 km2,-77.673,-7.912
"Green Drought in Belize, Guatemala, Mexico from: 21 Feb 2020  to: 02 Jun 2020 .",Green,1.0,0.5,"Belize, Guatemala, Mexico",2020-02-21,2020-06-02 16:37:00,89573.0,BLZ,DR 1014020,80.0,Minor impact for agricultural drought in 89573 km2,-89.626,18.738
Orange Drought in Mozambique from: 21 Feb 2020  to: 23 Apr 2020 .,Orange,2.0,1.5,Mozambique,2020-02-21,2020-04-23 10:47:00,42220.0,MOZ,DR 1014012,50.0,Medium impact for agricultural drought in 42220 km2,34.367,-22.187
Green Drought in Mozambique from: 21 Mar 2020  to: 30 Apr 2021 .,Green,1.0,0.5,Mozambique,2020-03-21,2021-04-30 00:00:00,20566.0,MOZ,DR 1013981,396.0,Minor impact for agricultural drought in 20566 km2,39.865,-14.51
Green Drought in Australia from: 11 Mar 2020  to: 20 Nov 2020 .,Green,1.0,0.5,Australia,2020-03-11,2020-11-20 00:00:00,93955.0,AUS,DR 1013971,245.0,Minor impact for agricultural drought in 93955 km2,121.5,-30.5
"Green Drought in Belgium, Switzerland, Germany, France, Luxembourg, Netherlands from: 21 Mar 2020  to: 20 Oct 2020 .",Green,1.0,0.5,"Belgium, Switzerland, Germany, France, Luxembourg, Netherlands",2020-03-21,2020-10-20 00:00:00,362827.0,BEL,DR 1014038,204.0,Minor impact for agricultural drought in 362827 km2,5.047,48.259
"Orange Drought in Lesotho, South Africa from: 21 Mar 2020  to: 05 Oct 2020 .",Orange,2.0,1.25,"Lesotho, South Africa",2020-03-21,2020-10-05 09:27:00,146335.0,LSO,DR 1014000,174.0,Medium impact for agricultural drought in 146335 km2,24.396,-31.893
"Green Drought in Ireland, , from: 21 Mar 2020  to: 12 Jun 2020 .",Green,1.0,0.75,"Ireland, , ",2020-03-21,2020-06-12 17:47:00,255429.0,IRL,DR 1014048,72.0,Minor impact for agricultural drought in 255429 km2,-3.594,53.335
Green Drought in Sri Lanka from: 21 Mar 2020  to: 02 Jun 2020 .,Green,1.0,0.5,Sri Lanka,2020-03-21,2020-06-02 16:37:00,46233.0,LKA,DR 1013998,51.0,Minor impact for agricultural drought in 46233 km2,80.832,7.704
"Green Drought in Kazakhstan, Russia from: 21 Apr 2020  to: 06 Sep 2020 .",Green,1.0,0.25,"Kazakhstan, Russia",2020-04-21,2020-09-06 16:47:00,141898.0,KAZ,DR 1014256,122.0,Minor impact for agricultural drought in 141898 km2,68.111,55.765
Orange Drought in Mexico from: 21 May 2020  to: 20 May 2021 .,Orange,2.0,1.25,Mexico,2020-05-21,2021-05-20 00:00:00,22868.0,MEX,DR 1014149,355.0,Medium impact for agricultural drought in 22868 km2,-101.003,21.999
"Green Drought in Kazakhstan, Russia from: 21 May 2020  to: 10 Feb 2021 .",Green,1.0,0.75,"Kazakhstan, Russia",2020-05-21,2021-02-10 00:00:00,143815.0,KAZ,DR 1014130,256.0,Minor impact for agricultural drought in 143815 km2,47.209,49.65
"Orange Drought in Mexico, United States from: 21 May 2020  to: 30 Jan 2021 .",Orange,2.0,1.25,"Mexico, United States",2020-05-21,2021-01-30 00:00:00,170725.0,MEX,DR 1014139,245.0,Medium impact for agricultural drought in 170725 km2,-104.831,34.165
Green Drought in Mongolia from: 21 May 2020  to: 20 Oct 2020 .,Green,1.0,0.75,Mongolia,2020-05-21,2020-10-20 00:00:00,52266.0,MNG,DR 1014138,143.0,Minor impact for agricultural drought in 52266 km2,102.985,45.329
"Green Drought in Canada, United States from: 21 May 2020  to: 26 Jul 2020 .",Green,1.0,0.25,"Canada, United States",2020-05-21,2020-07-26 17:17:00,24764.0,CAN,DR 1014184,51.0,Minor impact for agricultural drought in 24764 km2,-73.175,46.17
Green Drought in Peru from: 01 Jun 2020  to: 20 Dec 2020 .,Green,1.0,0.5,Peru,2020-06-01,2020-12-20 00:00:00,119720.0,PER,DR 1014244,193.0,Minor impact for agricultural drought in 119720 km2,-73.303,-13.601
"Orange Drought in Mexico, United States from: 01 Jun 2020  to: 11 Oct 2020 .",Orange,2.0,1.0,"Mexico, United States",2020-06-01,2020-10-11 12:47:00,409779.0,MEX,DR 1014182,112.0,Medium impact for agricultural drought in 409779 km2,-106.379,30.801
Green Drought in Brazil from: 21 Jul 2020  to: 17 Oct 2021 .,Green,1.0,0.5,Brazil,2020-07-21,2021-10-17 00:00:00,146848.0,BRA,DR 1014268,417.0,Minor impact for agricultural drought in 146848 km2,-50.079,-6.166
"Green Drought in China, India, Nepal from: 21 Jul 2020  to: 30 Apr 2021 .",Green,1.0,0.5,"China, India, Nepal",2020-07-21,2021-04-30 00:00:00,107666.0,CHN,DR 1014313,274.0,Minor impact for agricultural drought in 107666 km2,81.238,28.996
"Green Drought in Algeria, Morocco from: 21 Jul 2020  to: 30 Jan 2021 .",Green,1.0,0.5,"Algeria, Morocco",2020-07-21,2021-01-30 00:00:00,15554.0,DZA,DR 1014278,184.0,Minor impact for agricultural drought in 15554 km2,0.735,34.761
"Green Drought in Armenia, Azerbaijan, Iran from: 21 Aug 2020  to: 07 Nov 2021 .",Green,1.0,0.5,"Armenia, Azerbaijan, Iran",2020-08-21,2021-11-07 00:00:00,9549.0,ARM,DR 1014392,416.0,Minor impact for agricultural drought in 9549 km2,46.5,39.5
Green Drought in Madagascar from: 21 Aug 2020  to: 20 Oct 2020 .,Green,1.0,0.0,Madagascar,2020-08-21,2020-10-20 00:00:00,69236.0,MDG,DR 1014348,51.0,Minor impact for agricultural drought in 69236 km2,44.162,-22.187
"Green Drought in Cameroon, Nigeria from: 21 Sep 2020  to: 13 Dec 2021 .",Green,1.0,0.5,"Cameroon, Nigeria",2020-09-21,2021-12-13 00:00:00,84952.0,CMR,DR 1014509,416.0,Minor impact for agricultural drought in 84952 km2,8.363,9.641
Green Drought in Angola from: 21 Sep 2020  to: 05 Dec 2021 .,Green,1.0,0.75,Angola,2020-09-21,2021-12-05 00:00:00,4688.0,AGO,DR 1014416,406.0,Minor impact for agricultural drought in 4688 km2,12.777,-13.599
Green Drought in Chile from: 21 Sep 2020  to: 30 Dec 2020 .,Green,1.0,0.5,Chile,2020-09-21,2020-12-30 00:00:00,51513.0,CHL,DR 1014454,91.0,Minor impact for agricultural drought in 51513 km2,-72.188,-36.417
"Green Drought in Argentina, Chile from: 21 Oct 2020  to: 19 Jun 2023 .",Green,1.0,0.25,"Argentina, Chile",2020-10-21,2023-06-19 00:00:00,108891.0,ARG,DR 1014465,932.0,Minor impact for agricultural drought in 108891 km2,-70.802,-50.764
"Green Drought in Afghanistan, Kazakhstan, Tajikistan, Turkmenistan from: 21 Oct 2020  to: 28 Sep 2022 .",Green,1.0,0.5,"Afghanistan, Kazakhstan, Tajikistan, Turkmenistan",2020-10-21,2022-09-28 00:00:00,64861.0,AFG,DR 1014473,659.0,Minor impact for agricultural drought in 64861 km2,72.5,37.503
"Green Drought in Argentina, Chile from: 21 Oct 2020  to: 30 May 2022 .",Green,1.0,0.25,"Argentina, Chile",2020-10-21,2022-05-30 00:00:00,44804.0,ARG,DR 1014958,547.0,Minor impact for agricultural drought in 44804 km2,-72.492,-36.542
Green Drought in Italy from: 21 Nov 2020  to: 13 Dec 2021 .,Green,1.0,0.25,Italy,2020-11-21,2021-12-13 00:00:00,18758.0,ITA,DR 1014614,355.0,Minor impact for agricultural drought in 18758 km2,11.459,43.938
"Green Drought in Bangladesh, India, Myanmar from: 21 Jan 2021  to: 17 Jan 2022 .",Green,1.0,0.25,"Bangladesh, India, Myanmar",2021-01-21,2022-01-17 00:00:00,144491.0,BGD,DR 1014718,324.0,Minor impact for agricultural drought in 144491 km2,95.098,25.729
"Green Drought in Burundi, Democratic Republic of Congo, Rwanda from: 11 Jan 2021  to: 16 Aug 2021 .",Green,1.0,0.25,"Burundi, Democratic Republic of Congo, Rwanda",2021-01-11,2021-08-16 00:00:00,24596.0,BDI,DR 1014756,191.0,Minor impact for agricultural drought in 24596 km2,28.0,-2.5
"Green Drought in Afghanistan, Iran, Pakistan from: 21 Jan 2021  to: 02 Mar 2021 .",Green,1.0,0.5,"Afghanistan, Iran, Pakistan",2021-01-21,2021-03-02 00:00:00,220577.0,AFG,DR 1014676,31.0,Minor impact for agricultural drought in 220577 km2,65.973,29.235
Green Drought in Chile from: 21 Feb 2021  to: 16 Aug 2021 .,Green,1.0,0.25,Chile,2021-02-21,2021-08-16 00:00:00,56902.0,CHL,DR 1014726,150.0,Minor impact for agricultural drought in 56902 km2,-72.957,-40.159
Green Drought in China from: 21 Feb 2021  to: 17 Jul 2021 .,Green,1.0,0.5,China,2021-02-21,2021-07-17 00:00:00,8788.0,CHN,DR 1014875,120.0,Minor impact for agricultural drought in 8788 km2,121.397,24.53
Green Drought in United States from: 21 Apr 2021  to: 13 Dec 2021 .,Green,1.0,0.25,United States,2021-04-21,2021-12-13 00:00:00,18686.0,USA,DR 1014821,204.0,Minor impact for agricultural drought in 18686 km2,-122.5,40.5
"Orange Drought in Kazakhstan, Russia, Uzbekistan from: 21 Apr 2021  to: 17 Jul 2021 .",Orange,2.0,1.25,"Kazakhstan, Russia, Uzbekistan",2021-04-21,2021-07-17 00:00:00,979473.0,KAZ,DR 1014881,61.0,Medium impact for agricultural drought in 979473 km2,62.92,52.691
Green Drought in Russia from: 21 Jun 2021  to: 20 Sep 2021 .,Green,1.0,0.25,Russia,2021-06-21,2021-09-20 00:00:00,16654.0,RUS,DR 1015084,61.0,Minor impact for agricultural drought in 16654 km2,130.833,63.503
"Green Drought in Angola, Democratic Republic of Congo, Republic of Congo from: 21 Jul 2021  to: 09 Feb 2022 .",Green,1.0,0.25,"Angola, Democratic Republic of Congo, Republic of Congo",2021-07-21,2022-02-09 00:00:00,36813.0,AGO,DR 1015039,174.0,Minor impact for agricultural drought in 36813 km2,13.5,-4.499
Green Drought in South Sudan from: 21 Jul 2021  to: 07 Nov 2021 .,Green,1.0,0.5,South Sudan,2021-07-21,2021-11-07 00:00:00,48739.0,SSD,DR 1015040,82.0,Minor impact for agricultural drought in 48739 km2,27.5,8.25
"Green Drought in Belize, Guatemala, Honduras, Mexico from: 21 Sep 2021  to: 19 Mar 2022 .",Green,1.0,0.25,"Belize, Guatemala, Honduras, Mexico",2021-09-21,2022-03-19 00:00:00,34549.0,BLZ,DR 1015187,143.0,Minor impact for agricultural drought in 34549 km2,-88.223,16.519
"Green Drought in Islamic Republic of Iran, Kyrgyzstan, Kazakhstan, Tajikistan, Turkmenistan, Uzbekistan from: 21 Oct 2021  to: 03 Jul 2024 .",Green,1.0,0.75,"Islamic Republic of Iran, Kyrgyzstan, Kazakhstan, Tajikistan, Turkmenistan, Uzbekistan",2021-10-21,2024-07-03 00:00:00,263840.0,IRN,DR 1015257,933.0,Minor impact for agricultural drought in 263840 km2,65.511,38.268
"Green Drought in Democratic Republic of Congo, Zambia from: 21 Oct 2021  to: 03 Jul 2022 .",Green,1.0,0.25,"Democratic Republic of Congo, Zambia",2021-10-21,2022-07-03 00:00:00,48434.0,COD,DR 1015281,223.0,Minor impact for agricultural drought in 48434 km2,29.5,-10.506
"Green Drought in Spain, Portugal from: 21 Oct 2021  to: 30 May 2022 .",Green,1.0,0.5,"Spain, Portugal",2021-10-21,2022-05-30 00:00:00,31463.0,ESP,DR 1015249,182.0,Minor impact for agricultural drought in 31463 km2,-4.45,36.86
"Green Drought in Algeria, Morocco, Tunisia from: 01 Nov 2021  to: 28 Sep 2022 .",Green,1.0,0.75,"Algeria, Morocco, Tunisia",2021-11-01,2022-09-28 00:00:00,126944.0,DZA,DR 1014695,283.0,Minor impact for agricultural drought in 126944 km2,-6.166,33.072
Green Drought in Haiti from: 21 Nov 2021  to: 04 Apr 2022 .,Green,1.0,0.25,Haiti,2021-11-21,2022-04-04 00:00:00,1457.0,HTI,DR 1015291,100.0,Minor impact for agricultural drought in 1457 km2,-73.151,19.795
Green Drought in Angola from: 11 Dec 2021  to: 28 Sep 2022 .,Green,1.0,0.25,Angola,2021-12-11,2022-09-28 00:00:00,8243.0,AGO,DR 1015356,243.0,Minor impact for agricultural drought in 8243 km2,12.652,-14.525
Green Drought in Brazil from: 21 Jan 2022  to: 12 Jul 2023 .,Green,1.0,0.25,Brazil,2022-01-21,2023-07-12 00:00:00,47674.0,BRA,DR 1015559,506.0,Minor impact for agricultural drought in 47674 km2,-49.5,-6.5
"Green Drought in Greece, Türkiye from: 21 Jan 2022  to: 19 Jun 2023 .",Green,1.0,0.25,"Greece, Türkiye",2022-01-21,2023-06-19 00:00:00,8147.0,GRC,DR 1015426,475.0,Minor impact for agricultural drought in 8147 km2,29.215,36.735
"Green Drought in Belgium, Czech Republic, Germany, France, Luxembourg, Poland, Sweden, from: 21 Feb 2022  to: 30 Jul 2022 .",Green,1.0,0.75,"Belgium, Czech Republic, Germany, France, Luxembourg, Poland, Sweden, ",2022-02-21,2022-07-30 00:00:00,259545.0,BEL,DR 1015605,150.0,Minor impact for agricultural drought in 259545 km2,4.328,50.002
"Green Drought in Tanzania, Mozambique from: 21 Mar 2022  to: 24 Jun 2023 .",Green,1.0,0.75,"Tanzania, Mozambique",2022-03-21,2023-06-24 00:00:00,195576.0,TZA,DR 1014742,426.0,Minor impact for agricultural drought in 195576 km2,37.486,-8.102
"Green Drought in China, Mongolia from: 21 Mar 2022  to: 01 Mar 2023 .",Green,1.0,0.25,"China, Mongolia",2022-03-21,2023-03-01 00:00:00,35174.0,CHN,DR 1015623,306.0,Minor impact for agricultural drought in 35174 km2,95.282,44.672
Green Drought in United States from: 21 Mar 2022  to: 28 Sep 2022 .,Green,1.0,0.25,United States,2022-03-21,2022-09-28 00:00:00,8376.0,USA,DR 1015553,143.0,Minor impact for agricultural drought in 8376 km2,-111.5,47.5
"Green Drought in Italy, from: 21 Mar 2022  to: 10 Jul 2022 .",Green,1.0,0.75,"Italy, ",2022-03-21,2022-07-10 00:00:00,40964.0,ITA,DR 1015511,102.0,Minor impact for agricultural drought in 40964 km2,13.064,42.171
"Green Drought in Canada, United States from: 21 Mar 2022  to: 06 Jun 2022 .",Green,1.0,0.25,"Canada, United States",2022-03-21,2022-06-06 00:00:00,33347.0,CAN,DR 1015512,41.0,Minor impact for agricultural drought in 33347 km2,-106.743,47.749
Green Drought in Nigeria from: 21 Apr 2022  to: 24 Jun 2023 .,Green,1.0,0.25,Nigeria,2022-04-21,2023-06-24 00:00:00,48739.0,NGA,DR 1015792,395.0,Minor impact for agricultural drought in 48739 km2,8.5,8.25
Green Drought in Türkiye from: 21 Apr 2022  to: 18 Jul 2022 .,Green,1.0,0.5,Türkiye,2022-04-21,2022-07-18 00:00:00,48149.0,TUR,DR 1015589,51.0,Minor impact for agricultural drought in 48149 km2,33.483,38.905
"Green Drought in Spain, Portugal from: 21 May 2022  to: 19 Sep 2023 .",Green,1.0,0.25,"Spain, Portugal",2022-05-21,2023-09-19 00:00:00,24778.0,ESP,DR 1015708,457.0,Minor impact for agricultural drought in 24778 km2,-8.118,37.884
"Green Drought in Argentina, Chile from: 21 May 2022  to: 16 Sep 2023 .",Green,1.0,0.5,"Argentina, Chile",2022-05-21,2023-09-16 00:00:00,43237.0,ARG,DR 1015709,447.0,Minor impact for agricultural drought in 43237 km2,-72.353,-37.839
Green Drought in Peru from: 21 May 2022  to: 12 Jul 2023 .,Green,1.0,0.25,Peru,2022-05-21,2023-07-12 00:00:00,11978.0,PER,DR 1015767,386.0,Minor impact for agricultural drought in 11978 km2,-72.5,-13.5
"Green Drought in India, Myanmar from: 21 May 2022  to: 12 Apr 2023 .",Green,1.0,0.5,"India, Myanmar",2022-05-21,2023-04-12 00:00:00,22785.0,IND,DR 1015771,294.0,Minor impact for agricultural drought in 22785 km2,95.007,22.494
Green Drought in Russia from: 21 Jun 2022  to: 17 Jan 2023 .,Green,1.0,0.25,Russia,2022-06-21,2023-01-17 00:00:00,190173.0,RUS,DR 1015849,173.0,Minor impact for agricultural drought in 190173 km2,63.853,59.347
Green Drought in Madagascar from: 21 Jul 2022  to: 19 Sep 2023 .,Green,1.0,0.25,Madagascar,2022-07-21,2023-09-19 00:00:00,34423.0,MDG,DR 1014495,396.0,Minor impact for agricultural drought in 34423 km2,48.24,-20.022
Green Drought in China from: 21 Jul 2022  to: 12 Apr 2023 .,Green,1.0,0.5,China,2022-07-21,2023-04-12 00:00:00,11045.0,CHN,DR 1015826,233.0,Minor impact for agricultural drought in 11045 km2,108.5,26.5
Orange Drought in Brazil from: 21 Sep 2022  to: 12 Aug 2025 .,Orange,2.0,1.25,Brazil,2022-09-21,2025-08-12 00:00:00,756718.0,BRA,DR 1016449,1024.0,Medium impact for agricultural drought in 756718 km2,-46.754,-7.453
"Green Drought in Algeria, Morocco from: 21 Sep 2022  to: 12 Nov 2023 .",Green,1.0,0.25,"Algeria, Morocco",2022-09-21,2023-11-12 00:00:00,21594.0,DZA,DR 1015981,375.0,Minor impact for agricultural drought in 21594 km2,-4.052,34.02
Green Drought in United States from: 21 Sep 2022  to: 03 May 2023 .,Green,1.0,0.25,United States,2022-09-21,2023-05-03 00:00:00,45793.0,USA,DR 1015974,192.0,Minor impact for agricultural drought in 45793 km2,-119.487,42.295
Green Drought in United States from: 11 Nov 2022  to: 17 Apr 2024 .,Green,1.0,0.25,United States,2022-11-11,2024-04-17 00:00:00,40748.0,USA,DR 1016053,486.0,Minor impact for agricultural drought in 40748 km2,-92.5,33.5
"Green Drought in Dominican Republic, Haiti from: 21 Nov 2022  to: 09 Aug 2023 .",Green,1.0,0.25,"Dominican Republic, Haiti",2022-11-21,2023-08-09 00:00:00,10963.0,DOM,DR 1016107,232.0,Minor impact for agricultural drought in 10963 km2,-71.498,18.526
Green Drought in Colombia from: 21 Nov 2022  to: 06 Mar 2023 .,Green,1.0,0.25,Colombia,2022-11-21,2023-03-06 00:00:00,61485.0,COL,DR 1016076,72.0,Minor impact for agricultural drought in 61485 km2,-72.701,2.5
Green Drought in Namibia from: 11 Dec 2022  to: 16 Sep 2023 .,Green,1.0,0.25,Namibia,2022-12-11,2023-09-16 00:00:00,22183.0,NAM,DR 1016100,243.0,Minor impact for agricultural drought in 22183 km2,17.996,-25.999
Green Drought in Canada from: 21 Jan 2023  to: 12 Mar 2024 .,Green,1.0,0.25,Canada,2023-01-21,2024-03-12 00:00:00,22670.0,CAN,DR 1016298,386.0,Minor impact for agricultural drought in 22670 km2,-109.5,52.502
"Green Drought in China, Laos, Myanmar, Thailand from: 21 Jan 2023  to: 17 Jan 2024 .",Green,1.0,0.25,"China, Laos, Myanmar, Thailand",2023-01-21,2024-01-17 00:00:00,23022.0,CHN,DR 1016209,324.0,Minor impact for agricultural drought in 23022 km2,100.003,20.999
"Green Drought in France, Italy, Monaco from: 21 Feb 2023  to: 06 Aug 2023 .",Green,1.0,0.25,"France, Italy, Monaco",2023-02-21,2023-08-06 00:00:00,2362.0,FRA,DR 1015469,130.0,Minor impact for agricultural drought in 2362 km2,7.403,43.852
Green Drought in Mexico from: 21 Feb 2023  to: 13 Jun 2023 .,Green,1.0,0.25,Mexico,2023-02-21,2023-06-13 00:00:00,87375.0,MEX,DR 1016231,69.0,Minor impact for agricultural drought in 87375 km2,-99.577,23.831
Green Drought in India from: 21 Mar 2023  to: 02 Jan 2024 .,Green,1.0,0.25,India,2023-03-21,2024-01-02 00:00:00,11138.0,IND,DR 1016287,245.0,Minor impact for agricultural drought in 11138 km2,83.5,25.5
Green Drought in Colombia from: 21 Apr 2023  to: 03 Jul 2024 .,Green,1.0,0.75,Colombia,2023-04-21,2024-07-03 00:00:00,110498.0,COL,DR 1016315,386.0,Minor impact for agricultural drought in 110498 km2,-75.167,4.83
Green Drought in Russia from: 21 Apr 2023  to: 02 Jan 2024 .,Green,1.0,0.25,Russia,2023-04-21,2024-01-02 00:00:00,87379.0,RUS,DR 1016348,214.0,Minor impact for agricultural drought in 87379 km2,65.482,59.809
Green Drought in Brazil from: 21 Apr 2023  to: 16 Sep 2023 .,Green,1.0,0.5,Brazil,2023-04-21,2023-09-16 00:00:00,209495.0,BRA,DR 1016573,112.0,Minor impact for agricultural drought in 209495 km2,-48.619,-17.278
Green Drought in Nigeria from: 21 May 2023  to: 17 Jan 2024 .,Green,1.0,0.25,Nigeria,2023-05-21,2024-01-17 00:00:00,24290.0,NGA,DR 1016386,204.0,Minor impact for agricultural drought in 24290 km2,7.0,9.5
Green Drought in Brazil from: 21 May 2023  to: 10 Dec 2023 .,Green,1.0,0.75,Brazil,2023-05-21,2023-12-10 00:00:00,355568.0,BRA,DR 1016527,194.0,Minor impact for agricultural drought in 355568 km2,-41.236,-16.263
Green Drought in Somalia from: 21 May 2023  to: 19 Nov 2023 .,Green,1.0,0.75,Somalia,2023-05-21,2023-11-19 00:00:00,87260.0,SOM,DR 1016410,143.0,Minor impact for agricultural drought in 87260 km2,44.892,3.06
"Green Drought in Austria, Belgium, Switzerland, Germany, France, Liechtenstein, Luxembourg from: 21 May 2023  to: 10 Jul 2023 .",Green,1.0,0.25,"Austria, Belgium, Switzerland, Germany, France, Liechtenstein, Luxembourg",2023-05-21,2023-07-10 00:00:00,172228.0,AUT,DR 1016504,41.0,Minor impact for agricultural drought in 172228 km2,8.361,48.597
Green Drought in India from: 11 Jun 2023  to: 19 Nov 2023 .,Green,1.0,0.25,India,2023-06-11,2023-11-19 00:00:00,104704.0,IND,DR 1016597,122.0,Minor impact for agricultural drought in 104704 km2,75.671,12.51
Green Drought in Australia from: 21 Jul 2023  to: 15 Sep 2024 .,Green,1.0,0.25,Australia,2023-07-21,2024-09-15 00:00:00,28728.0,AUS,DR 1016588,356.0,Minor impact for agricultural drought in 28728 km2,122.559,-33.105
Green Drought in Australia from: 21 Jul 2023  to: 17 Jan 2024 .,Green,1.0,0.25,Australia,2023-07-21,2024-01-17 00:00:00,44250.0,AUS,DR 1016677,143.0,Minor impact for agricultural drought in 44250 km2,150.989,-26.219
Green Drought in Uganda from: 21 Jul 2023  to: 04 Dec 2023 .,Green,1.0,0.25,Uganda,2023-07-21,2023-12-04 00:00:00,24603.0,UGA,DR 1016544,92.0,Minor impact for agricultural drought in 24603 km2,33.5,2.0
"Green Drought in Albania, Bulgaria, Greece, The Republic of North Macedonia, Türkiye from: 11 Aug 2023  to: 12 Aug 2025 .",Green,1.0,0.5,"Albania, Bulgaria, Greece, The Republic of North Macedonia, Türkiye",2023-08-11,2025-08-12 00:00:00,252230.0,ALB,DR 1016679,700.0,Minor impact for agricultural drought in 252230 km2,27.483,40.787
"Green Drought in Angola, Democratic Republic of Congo, Zambia from: 21 Aug 2023  to: 20 Apr 2025 .",Green,1.0,0.5,"Angola, Democratic Republic of Congo, Zambia",2023-08-21,2025-04-20 00:00:00,36162.0,AGO,DR 1016682,599.0,Minor impact for agricultural drought in 36162 km2,22.498,-11.834
"Orange Drought in Bolivia, Brazil, Peru, Paraguay from: 21 Aug 2023  to: 30 Nov 2023 .",Orange,2.0,1.25,"Bolivia, Brazil, Peru, Paraguay",2023-08-21,2023-11-30 00:00:00,319815.0,BOL,DR 1016612,92.0,Medium impact for agricultural drought in 319815 km2,-65.017,-15.867
Green Drought in Indonesia from: 21 Sep 2023  to: 05 May 2024 .,Green,1.0,0.25,Indonesia,2023-09-21,2024-05-05 00:00:00,14855.0,IDN,DR 1016715,203.0,Minor impact for agricultural drought in 14855 km2,115.33,-8.423
"Green Drought in Islamic Republic of Iran, Kazakhstan, Turkmenistan, Uzbekistan from: 21 Sep 2023  to: 20 Jan 2024 .",Green,1.0,0.75,"Islamic Republic of Iran, Kazakhstan, Turkmenistan, Uzbekistan",2023-09-21,2024-01-20 00:00:00,633250.0,IRN,DR 1016696,112.0,Minor impact for agricultural drought in 633250 km2,58.993,38.495
Green Drought in Madagascar from: 21 Oct 2023  to: 12 Aug 2025 .,Green,1.0,0.5,Madagascar,2023-10-21,2025-08-12 00:00:00,83330.0,MDG,DR 1016833,629.0,Minor impact for agricultural drought in 83330 km2,47.981,-16.845
"Green Drought in Argentina, Chile from: 21 Oct 2023  to: 24 Jul 2024 .",Green,1.0,0.25,"Argentina, Chile",2023-10-21,2024-07-24 00:00:00,6950.0,ARG,DR 1016777,234.0,Minor impact for agricultural drought in 6950 km2,-72.474,-51.463
Green Drought in United States from: 21 Oct 2023  to: 17 Apr 2024 .,Green,1.0,0.25,United States,2023-10-21,2024-04-17 00:00:00,130787.0,USA,DR 1015088,142.0,Minor impact for agricultural drought in 130787 km2,-93.65,40.996
Green Drought in India from: 21 Oct 2023  to: 11 Feb 2024 .,Green,1.0,0.25,India,2023-10-21,2024-02-11 00:00:00,50828.0,IND,DR 1016764,82.0,Minor impact for agricultural drought in 50828 km2,77.713,15.954
Green Drought in Canada from: 21 Nov 2023  to: 05 Oct 2024 .,Green,1.0,0.25,Canada,2023-11-21,2024-10-05 00:00:00,14770.0,CAN,DR 1017111,264.0,Minor impact for agricultural drought in 14770 km2,-116.0,53.5
Green Drought in Libya from: 21 Nov 2023  to: 07 Aug 2024 .,Green,1.0,0.25,Libya,2023-11-21,2024-08-07 00:00:00,135927.0,LBY,DR 1016906,223.0,Minor impact for agricultural drought in 135927 km2,18.405,28.991
"Green Drought in Mozambique, Zambia, Zimbabwe from: 21 Dec 2023  to: 18 Dec 2024 .",Green,1.0,0.25,"Mozambique, Zambia, Zimbabwe",2023-12-21,2024-12-18 00:00:00,58574.0,MOZ,DR 1016878,326.0,Minor impact for agricultural drought in 58574 km2,33.0,-17.501
"Green Drought in Lesotho, South Africa from: 21 Dec 2023  to: 24 Jul 2024 .",Green,1.0,0.75,"Lesotho, South Africa",2023-12-21,2024-07-24 00:00:00,32033.0,LSO,DR 1016891,173.0,Minor impact for agricultural drought in 32033 km2,28.831,-30.165
Green Drought in Australia from: 11 Jan 2024  to: 03 Jul 2024 .,Green,1.0,0.5,Australia,2024-01-11,2024-07-03 00:00:00,106038.0,AUS,DR 1016955,121.0,Minor impact for agricultural drought in 106038 km2,118.967,-21.093
"Green Drought in Burkina Faso, Benin, Central African Republic, Cameroon, Niger, Nigeria, Chad from: 21 Feb 2024  to: 12 Aug 2025 .",Green,1.0,0.75,"Burkina Faso, Benin, Central African Republic, Cameroon, Niger, Nigeria, Chad",2024-02-21,2025-08-12 00:00:00,486063.0,BFA,DR 1016995,506.0,Minor impact for agricultural drought in 486063 km2,7.04,8.798
"Green Drought in Democratic Republic of Congo, Central African Republic, Republic of Congo, Cameroon, Gabon, Equatorial Guinea from: 21 Feb 2024  to: 30 Sep 2024 .",Green,1.0,0.75,"Democratic Republic of Congo, Central African Republic, Republic of Congo, Cameroon, Gabon, Equatorial Guinea",2024-02-21,2024-09-30 00:00:00,393385.0,COD,DR 1016959,213.0,Minor impact for agricultural drought in 393385 km2,17.685,2.66
"Green Drought in China, Malaysia, Philippines, Thailand from: 21 Feb 2024  to: 25 Sep 2024 .",Green,1.0,0.25,"China, Malaysia, Philippines, Thailand",2024-02-21,2024-09-25 00:00:00,27416.0,CHN,DR 1017005,162.0,Minor impact for agricultural drought in 27416 km2,101.502,14.74
Green Drought in Chad from: 21 Feb 2024  to: 15 Sep 2024 .,Green,1.0,0.5,Chad,2024-02-21,2024-09-15 00:00:00,60255.0,TCD,DR 1017114,141.0,Minor impact for agricultural drought in 60255 km2,18.699,11.9
"Orange Drought in Moldova, Russia, Ukraine from: 21 Mar 2024  to: 12 Aug 2025 .",Orange,2.0,1.25,"Moldova, Russia, Ukraine",2024-03-21,2025-08-12 00:00:00,415346.0,MDA,DR 1017051,477.0,Medium impact for agricultural drought in 415346 km2,35.017,48.326
Green Drought in Australia from: 21 Mar 2024  to: 20 Dec 2024 .,Green,1.0,0.25,Australia,2024-03-21,2024-12-20 00:00:00,5240.0,AUS,DR 1017013,265.0,Minor impact for agricultural drought in 5240 km2,137.993,-35.068
Green Drought in Argentina from: 21 May 2024  to: 31 Jul 2024 .,Green,1.0,0.5,Argentina,2024-05-21,2024-07-31 00:00:00,73617.0,ARG,DR 1013868,31.0,Minor impact for agricultural drought in 73617 km2,-66.21,-31.638
Green Drought in Russia from: 21 Jun 2024  to: 18 Dec 2024 .,Green,1.0,0.25,Russia,2024-06-21,2024-12-18 00:00:00,66976.0,RUS,DR 1017265,143.0,Minor impact for agricultural drought in 66976 km2,114.568,53.162
"Green Drought in Kenya, Somalia from: 21 Jun 2024  to: 30 Nov 2024 .",Green,1.0,0.25,"Kenya, Somalia",2024-06-21,2024-11-30 00:00:00,31489.0,KEN,DR 1017239,153.0,Minor impact for agricultural drought in 31489 km2,40.863,-1.295
Green Drought in India from: 21 Jun 2024  to: 08 Oct 2024 .,Green,1.0,0.25,India,2024-06-21,2024-10-08 00:00:00,11138.0,IND,DR 1017217,61.0,Minor impact for agricultural drought in 11138 km2,84.5,25.5
Green Drought in China from: 21 Jun 2024  to: 23 Sep 2024 .,Green,1.0,0.25,China,2024-06-21,2024-09-23 00:00:00,39511.0,CHN,DR 1017243,30.0,Minor impact for agricultural drought in 39511 km2,111.987,37.006
Green Drought in United States from: 21 Jul 2024  to: 20 Mar 2025 .,Green,1.0,0.25,United States,2024-07-21,2025-03-20 00:00:00,61378.0,USA,DR 1017227,233.0,Minor impact for agricultural drought in 61378 km2,-104.79,44.882
Green Drought in Brazil from: 21 Jul 2024  to: 20 Jan 2025 .,Green,1.0,0.5,Brazil,2024-07-21,2025-01-20 00:00:00,61093.0,BRA,DR 1017347,174.0,Minor impact for agricultural drought in 61093 km2,-37.764,-10.317
"Green Drought in Mongolia, Russia from: 21 Jul 2024  to: 17 Dec 2024 .",Green,1.0,0.25,"Mongolia, Russia",2024-07-21,2024-12-17 00:00:00,97317.0,MNG,DR 1017334,103.0,Minor impact for agricultural drought in 97317 km2,94.332,49.169
Green Drought in Argentina from: 21 Jul 2024  to: 30 Nov 2024 .,Green,1.0,0.25,Argentina,2024-07-21,2024-11-30 00:00:00,139410.0,ARG,DR 1017286,123.0,Minor impact for agricultural drought in 139410 km2,-61.598,-36.405
Green Drought in Argentina from: 21 Aug 2024  to: 10 Feb 2025 .,Green,1.0,0.25,Argentina,2024-08-21,2025-02-10 00:00:00,9683.0,ARG,DR 1017481,164.0,Minor impact for agricultural drought in 9683 km2,-67.5,-38.5
Green Drought in Angola from: 21 Aug 2024  to: 18 Dec 2024 .,Green,1.0,0.25,Angola,2024-08-21,2024-12-18 00:00:00,23630.0,AGO,DR 1017370,82.0,Minor impact for agricultural drought in 23630 km2,17.0,-16.501
"Green Drought in Ethiopia, Sudan, South Sudan from: 21 Aug 2024  to: 06 Nov 2024 .",Green,1.0,0.25,"Ethiopia, Sudan, South Sudan",2024-08-21,2024-11-06 00:00:00,109300.0,ETH,DR 1017360,41.0,Minor impact for agricultural drought in 109300 km2,30.952,9.385
Green Drought in United States from: 21 Sep 2024  to: 20 Nov 2024 .,Green,1.0,0.5,United States,2024-09-21,2024-11-20 00:00:00,109269.0,USA,DR 1017425,51.0,Minor impact for agricultural drought in 109269 km2,-94.366,42.68
"Green Drought in Albania, Austria, Bosnia  and  Herzegovina, Belgium, Bulgaria, Switzerland, Czech Republic, Germany, France, Croatia, Hungary, Italy, Liechtenstein, Luxembourg, Montenegro, The Republic of North Macedonia, Netherlands, Poland, Romania, Serbia, Slovenia, Slovakia, Ukraine, from: 21 Oct 2024  to: 12 Aug 2025 .",Green,1.0,0.75,"Albania, Austria, Bosnia & Herzegovina, Belgium, Bulgaria, Switzerland, Czech Republic, Germany, France, Croatia, Hungary, Italy, Liechtenstein, Luxembourg, Montenegro, The Republic of North Macedonia, Netherlands, Poland, Romania, Serbia, Slovenia, Slovakia, Ukraine, ",2024-10-21,2025-08-12 00:00:00,1266803.0,ALB,DR 1016401,263.0,Minor impact for agricultural drought in 1266803 km2,13.349,48.054
"Orange Drought in Afghanistan, Israel, Iraq, Islamic Republic of Iran, Jordan, Kyrgyzstan, Kazakhstan, Lebanon, Pakistan, Gaza Strip, Syria, Tajikistan, Turkmenistan, Türkiye, Uzbekistan from: 21 Oct 2024  to: 12 Aug 2025 .",Orange,2.0,1.25,"Afghanistan, Israel, Iraq, Islamic Republic of Iran, Jordan, Kyrgyzstan, Kazakhstan, Lebanon, Pakistan, Gaza Strip, Syria, Tajikistan, Turkmenistan, Türkiye, Uzbekistan",2024-10-21,2025-08-12 00:00:00,1468985.0,AFG,DR 1017535,263.0,Medium impact for agricultural drought in 1468985 km2,59.847,36.817
"Green Drought in Ireland, , from: 21 Oct 2024  to: 30 Apr 2025 .",Green,1.0,0.5,"Ireland, , ",2024-10-21,2025-04-30 00:00:00,183340.0,IRL,DR 1017548,182.0,Minor impact for agricultural drought in 183340 km2,-2.747,53.684
"Green Drought in Lesotho, South Africa from: 21 Oct 2024  to: 20 Mar 2025 .",Green,1.0,0.25,"Lesotho, South Africa",2024-10-21,2025-03-20 00:00:00,107544.0,LSO,DR 1017629,141.0,Minor impact for agricultural drought in 107544 km2,25.274,-29.386
Green Drought in United States from: 21 Oct 2024  to: 20 Jan 2025 .,Green,1.0,0.5,United States,2024-10-21,2025-01-20 00:00:00,27140.0,USA,DR 1017501,82.0,Minor impact for agricultural drought in 27140 km2,-76.243,39.125
"Green Drought in Canada, United States from: 21 Oct 2024  to: 20 Nov 2024 .",Green,1.0,0.25,"Canada, United States",2024-10-21,2024-11-20 00:00:00,25127.0,CAN,DR 1017505,21.0,Minor impact for agricultural drought in 25127 km2,-96.179,47.488
"Green Drought in Algeria, Morocco from: 21 Nov 2024  to: 12 Aug 2025 .",Green,1.0,0.25,"Algeria, Morocco",2024-11-21,2025-08-12 00:00:00,10188.0,DZA,DR 1016686,232.0,Minor impact for agricultural drought in 10188 km2,-2.5,34.5
"Green Drought in Guinea, Sierra Leone from: 21 Nov 2024  to: 20 Mar 2025 .",Green,1.0,0.25,"Guinea, Sierra Leone",2024-11-21,2025-03-20 00:00:00,44186.0,GIN,DR 1016960,110.0,Minor impact for agricultural drought in 44186 km2,-11.962,9.222
"Green Drought in Iraq, Islamic Republic of Iran, Turkmenistan from: 21 Nov 2024  to: 02 Mar 2025 .",Green,1.0,0.75,"Iraq, Islamic Republic of Iran, Turkmenistan",2024-11-21,2025-03-02 00:00:00,527384.0,IRQ,DR 1017594,92.0,Minor impact for agricultural drought in 527384 km2,51.753,30.73
"Green Drought in Afghanistan, Islamic Republic of Iran, Kyrgyzstan, Kazakhstan, Pakistan, Tajikistan, Turkmenistan, Uzbekistan from: 21 Dec 2024  to: 30 May 2025 .",Green,1.0,0.75,"Afghanistan, Islamic Republic of Iran, Kyrgyzstan, Kazakhstan, Pakistan, Tajikistan, Turkmenistan, Uzbekistan",2024-12-21,2025-05-30 00:00:00,390088.0,AFG,DR 1017686,151.0,Minor impact for agricultural drought in 390088 km2,67.33,38.339
"Green Drought in Austria, Belgium, Czech Republic, Germany, Denmark, France, Luxembourg, Netherlands, Poland, Sweden from: 21 Dec 2024  to: 30 Apr 2025 .",Green,1.0,0.75,"Austria, Belgium, Czech Republic, Germany, Denmark, France, Luxembourg, Netherlands, Poland, Sweden",2024-12-21,2025-04-30 00:00:00,506124.0,AUT,DR 1017709,121.0,Minor impact for agricultural drought in 506124 km2,10.486,52.894
Green Drought in Australia from: 21 Jan 2025  to: 12 Aug 2025 .,Green,1.0,0.75,Australia,2025-01-21,2025-08-12 00:00:00,143084.0,AUS,DR 1017869,171.0,Minor impact for agricultural drought in 143084 km2,139.924,-35.131
"Green Drought in Tanzania, Uganda from: 21 Jan 2025  to: 20 Jun 2025 .",Green,1.0,0.25,"Tanzania, Uganda",2025-01-21,2025-06-20 00:00:00,49122.0,TZA,DR 1017671,141.0,Minor impact for agricultural drought in 49122 km2,32.497,-2.743
"Orange Drought in Mexico, United States from: 21 Feb 2025  to: 12 Aug 2025 .",Orange,2.0,1.0,"Mexico, United States",2025-02-21,2025-08-12 00:00:00,179361.0,MEX,DR 1016963,140.0,Medium impact for agricultural drought in 179361 km2,-107.399,31.291
"Green Drought in Ethiopia, Sudan, South Sudan from: 21 Feb 2025  to: 20 Apr 2025 .",Green,1.0,0.25,"Ethiopia, Sudan, South Sudan",2025-02-21,2025-04-20 00:00:00,60939.0,ETH,DR 1017730,49.0,Minor impact for agricultural drought in 60939 km2,33.898,8.098
"Green Drought in The Bahamas, Belize, Cuba, Guatemala, Mexico from: 21 Mar 2025  to: 12 Aug 2025 .",Green,1.0,0.75,"The Bahamas, Belize, Cuba, Guatemala, Mexico",2025-03-21,2025-08-12 00:00:00,162458.0,BHS,DR 1017904,112.0,Minor impact for agricultural drought in 162458 km2,-91.824,18.808
Green Drought in Libya from: 21 Mar 2025  to: 10 Jun 2025 .,Green,1.0,0.5,Libya,2025-03-21,2025-06-10 00:00:00,4824.0,LBY,DR 1017799,72.0,Minor impact for agricultural drought in 4824 km2,20.617,32.271
Green Drought in Ethiopia from: 21 Apr 2025  to: 12 Aug 2025 .,Green,1.0,0.75,Ethiopia,2025-04-21,2025-08-12 00:00:00,85192.0,ETH,DR 1017863,81.0,Minor impact for agricultural drought in 85192 km2,41.702,9.299
Green Drought in China from: 21 May 2025  to: 12 Aug 2025 .,Green,1.0,0.75,China,2025-05-21,2025-08-12 00:00:00,247083.0,CHN,DR 1017173,51.0,Minor impact for agricultural drought in 247083 km2,108.237,33.538
Green Drought in United States from: 21 May 2025  to: 12 Aug 2025 .,Green,1.0,0.25,United States,2025-05-21,2025-08-12 00:00:00,25752.0,USA,DR 1017933,51.0,Minor impact for agricultural drought in 25752 km2,-117.512,46.165
"Green Drought in Ethiopia, Sudan, South Sudan from: 21 Jun 2025  to: 12 Aug 2025 .",Green,1.0,0.5,"Ethiopia, Sudan, South Sudan",2025-06-21,2025-08-12 00:00:00,48053.0,ETH,DR 1017944,20.0,Minor impact for agricultural drought in 48053 km2,34.997,12.752
